name,lat,lon,time,count,diff
TD Garden/North Station,42.366261,-71.062103,2012-05-01 00:00,8.53571428571,-3.53571428571
TD Garden/North Station,42.366261,-71.062103,2012-05-01 01:00,3.6,-3.6
TD Garden/North Station,42.366261,-71.062103,2012-05-01 02:00,2.04347826087,-0.0434782608696
TD Garden/North Station,42.366261,-71.062103,2012-05-01 03:00,1.72727272727,-1.72727272727
TD Garden/North Station,42.366261,-71.062103,2012-05-01 04:00,1.58823529412,1.41176470588
TD Garden/North Station,42.366261,-71.062103,2012-05-01 05:00,1.61111111111,-0.611111111111
TD Garden/North Station,42.366261,-71.062103,2012-05-01 06:00,6.76666666667,0.233333333333
TD Garden/North Station,42.366261,-71.062103,2012-05-01 07:00,19.6129032258,6.38709677419
TD Garden/North Station,42.366261,-71.062103,2012-05-01 08:00,34.9333333333,5.06666666667
TD Garden/North Station,42.366261,-71.062103,2012-05-01 09:00,18.8064516129,12.1935483871
TD Garden/North Station,42.366261,-71.062103,2012-05-01 10:00,20.8666666667,0.133333333333
TD Garden/North Station,42.366261,-71.062103,2012-05-01 11:00,12.5666666667,9.43333333333
TD Garden/North Station,42.366261,-71.062103,2012-05-01 12:00,11.4193548387,-3.41935483871
TD Garden/North Station,42.366261,-71.062103,2012-05-01 13:00,12.8965517241,-1.89655172414
TD Garden/North Station,42.366261,-71.062103,2012-05-01 14:00,11.8666666667,-4.86666666667
TD Garden/North Station,42.366261,-71.062103,2012-05-01 15:00,15.9333333333,-0.933333333333
TD Garden/North Station,42.366261,-71.062103,2012-05-01 16:00,11.4333333333,2.56666666667
TD Garden/North Station,42.366261,-71.062103,2012-05-01 17:00,19.4,6.6
TD Garden/North Station,42.366261,-71.062103,2012-05-01 18:00,13.8064516129,-0.806451612903
TD Garden/North Station,42.366261,-71.062103,2012-05-01 19:00,11.4333333333,-1.43333333333
TD Garden/North Station,42.366261,-71.062103,2012-05-01 20:00,8.63333333333,1.36666666667
TD Garden/North Station,42.366261,-71.062103,2012-05-01 21:00,10.935483871,-5.93548387097
TD Garden/North Station,42.366261,-71.062103,2012-05-01 22:00,13.7666666667,-4.76666666667
TD Garden/North Station,42.366261,-71.062103,2012-05-01 23:00,13.6896551724,-9.68965517241
TD Garden/North Station,42.366261,-71.062103,2012-05-02 00:00,9.56666666667,-7.56666666667
TD Garden/North Station,42.366261,-71.062103,2012-05-02 01:00,4.34615384615,-2.34615384615
TD Garden/North Station,42.366261,-71.062103,2012-05-02 02:00,2.33333333333,-1.33333333333
TD Garden/North Station,42.366261,-71.062103,2012-05-02 03:00,1.91666666667,0.0833333333333
TD Garden/North Station,42.366261,-71.062103,2012-05-02 04:00,1.41666666667,-1.41666666667
TD Garden/North Station,42.366261,-71.062103,2012-05-02 05:00,1.35294117647,-0.352941176471
TD Garden/North Station,42.366261,-71.062103,2012-05-02 06:00,7.03448275862,-1.03448275862
TD Garden/North Station,42.366261,-71.062103,2012-05-02 07:00,20.8333333333,4.16666666667
TD Garden/North Station,42.366261,-71.062103,2012-05-02 08:00,34.9032258065,-2.90322580645
TD Garden/North Station,42.366261,-71.062103,2012-05-02 09:00,19.5172413793,-6.51724137931
TD Garden/North Station,42.366261,-71.062103,2012-05-02 10:00,20.6551724138,-2.65517241379
TD Garden/North Station,42.366261,-71.062103,2012-05-02 11:00,12.5172413793,-1.51724137931
TD Garden/North Station,42.366261,-71.062103,2012-05-02 12:00,10.2666666667,0.733333333333
TD Garden/North Station,42.366261,-71.062103,2012-05-02 13:00,12.1379310345,1.86206896552
TD Garden/North Station,42.366261,-71.062103,2012-05-02 14:00,11.7586206897,-4.75862068966
TD Garden/North Station,42.366261,-71.062103,2012-05-02 15:00,17.3103448276,-7.31034482759
TD Garden/North Station,42.366261,-71.062103,2012-05-02 16:00,12.4333333333,3.56666666667
TD Garden/North Station,42.366261,-71.062103,2012-05-02 17:00,17.0689655172,-0.0689655172414
TD Garden/North Station,42.366261,-71.062103,2012-05-02 18:00,14.3,0.7
TD Garden/North Station,42.366261,-71.062103,2012-05-02 19:00,12.3793103448,-3.37931034483
TD Garden/North Station,42.366261,-71.062103,2012-05-02 20:00,10.8965517241,-0.896551724138
TD Garden/North Station,42.366261,-71.062103,2012-05-02 21:00,21.4827586207,-10.4827586207
TD Garden/North Station,42.366261,-71.062103,2012-05-02 22:00,24.7931034483,-15.7931034483
TD Garden/North Station,42.366261,-71.062103,2012-05-02 23:00,21.724137931,-10.724137931
TD Garden/North Station,42.366261,-71.062103,2012-05-03 00:00,14.1379310345,-9.13793103448
TD Garden/North Station,42.366261,-71.062103,2012-05-03 01:00,7.15384615385,-6.15384615385
TD Garden/North Station,42.366261,-71.062103,2012-05-03 02:00,5.07692307692,-3.07692307692
TD Garden/North Station,42.366261,-71.062103,2012-05-03 03:00,1.21052631579,-0.210526315789
TD Garden/North Station,42.366261,-71.062103,2012-05-03 04:00,1.38095238095,0.619047619048
TD Garden/North Station,42.366261,-71.062103,2012-05-03 05:00,1.4375,-0.4375
TD Garden/North Station,42.366261,-71.062103,2012-05-03 06:00,7.51724137931,1.48275862069
TD Garden/North Station,42.366261,-71.062103,2012-05-03 07:00,21.2068965517,4.79310344828
TD Garden/North Station,42.366261,-71.062103,2012-05-03 08:00,33.2333333333,2.76666666667
TD Garden/North Station,42.366261,-71.062103,2012-05-03 09:00,21.0,5.0
TD Garden/North Station,42.366261,-71.062103,2012-05-03 10:00,20.7931034483,-2.79310344828
TD Garden/North Station,42.366261,-71.062103,2012-05-03 11:00,14.1724137931,-4.1724137931
TD Garden/North Station,42.366261,-71.062103,2012-05-03 12:00,11.5666666667,-0.566666666667
TD Garden/North Station,42.366261,-71.062103,2012-05-03 13:00,14.6896551724,-3.68965517241
TD Garden/North Station,42.366261,-71.062103,2012-05-03 14:00,12.8571428571,-5.85714285714
TD Garden/North Station,42.366261,-71.062103,2012-05-03 15:00,16.7586206897,4.24137931034
TD Garden/North Station,42.366261,-71.062103,2012-05-03 16:00,11.5172413793,5.48275862069
TD Garden/North Station,42.366261,-71.062103,2012-05-03 17:00,18.4666666667,7.53333333333
TD Garden/North Station,42.366261,-71.062103,2012-05-03 18:00,16.9,-3.9
TD Garden/North Station,42.366261,-71.062103,2012-05-03 19:00,14.0333333333,-3.03333333333
TD Garden/North Station,42.366261,-71.062103,2012-05-03 20:00,12.1034482759,-5.10344827586
TD Garden/North Station,42.366261,-71.062103,2012-05-03 21:00,16.2068965517,-3.20689655172
TD Garden/North Station,42.366261,-71.062103,2012-05-03 22:00,18.6551724138,-1.65517241379
TD Garden/North Station,42.366261,-71.062103,2012-05-03 23:00,17.8620689655,-12.8620689655
TD Garden/North Station,42.366261,-71.062103,2012-05-04 00:00,15.9310344828,-7.93103448276
TD Garden/North Station,42.366261,-71.062103,2012-05-04 01:00,7.20689655172,-3.20689655172
TD Garden/North Station,42.366261,-71.062103,2012-05-04 02:00,5.12,1.88
TD Garden/North Station,42.366261,-71.062103,2012-05-04 03:00,2.33333333333,2.66666666667
TD Garden/North Station,42.366261,-71.062103,2012-05-04 04:00,1.39130434783,-0.391304347826
TD Garden/North Station,42.366261,-71.062103,2012-05-04 05:00,1.6875,-1.6875
TD Garden/North Station,42.366261,-71.062103,2012-05-04 06:00,7.03448275862,-3.03448275862
TD Garden/North Station,42.366261,-71.062103,2012-05-04 07:00,18.8,-0.8
TD Garden/North Station,42.366261,-71.062103,2012-05-04 08:00,31.9666666667,3.03333333333
TD Garden/North Station,42.366261,-71.062103,2012-05-04 09:00,18.7666666667,-6.76666666667
TD Garden/North Station,42.366261,-71.062103,2012-05-04 10:00,20.7333333333,3.26666666667
TD Garden/North Station,42.366261,-71.062103,2012-05-04 11:00,13.9666666667,11.0333333333
TD Garden/North Station,42.366261,-71.062103,2012-05-04 12:00,15.8275862069,43.1724137931
TD Garden/North Station,42.366261,-71.062103,2012-05-04 13:00,14.2413793103,15.7586206897
TD Garden/North Station,42.366261,-71.062103,2012-05-04 14:00,14.4482758621,27.5517241379
TD Garden/North Station,42.366261,-71.062103,2012-05-04 15:00,19.9666666667,18.0333333333
TD Garden/North Station,42.366261,-71.062103,2012-05-04 16:00,16.2,3.8
TD Garden/North Station,42.366261,-71.062103,2012-05-04 17:00,24.8620689655,9.13793103448
TD Garden/North Station,42.366261,-71.062103,2012-05-04 18:00,20.6551724138,4.34482758621
TD Garden/North Station,42.366261,-71.062103,2012-05-04 19:00,18.275862069,-1.27586206897
TD Garden/North Station,42.366261,-71.062103,2012-05-04 20:00,14.6896551724,8.31034482759
TD Garden/North Station,42.366261,-71.062103,2012-05-04 21:00,23.9655172414,29.0344827586
TD Garden/North Station,42.366261,-71.062103,2012-05-04 22:00,38.6206896552,58.3793103448
TD Garden/North Station,42.366261,-71.062103,2012-05-04 23:00,40.7,63.3
TD Garden/North Station,42.366261,-71.062103,2012-05-05 00:00,53.5333333333,67.4666666667
TD Garden/North Station,42.366261,-71.062103,2012-05-05 01:00,71.0344827586,30.9655172414
TD Garden/North Station,42.366261,-71.062103,2012-05-05 02:00,24.8965517241,4.10344827586
TD Garden/North Station,42.366261,-71.062103,2012-05-05 03:00,3.88461538462,2.11538461538
TD Garden/North Station,42.366261,-71.062103,2012-05-05 04:00,2.03846153846,-2.03846153846
TD Garden/North Station,42.366261,-71.062103,2012-05-05 05:00,2.04761904762,0.952380952381
TD Garden/North Station,42.366261,-71.062103,2012-05-05 06:00,1.7619047619,-0.761904761905
TD Garden/North Station,42.366261,-71.062103,2012-05-05 07:00,4.75,0.25
TD Garden/North Station,42.366261,-71.062103,2012-05-05 08:00,12.0689655172,-5.06896551724
TD Garden/North Station,42.366261,-71.062103,2012-05-05 09:00,7.79310344828,-1.79310344828
TD Garden/North Station,42.366261,-71.062103,2012-05-05 10:00,11.5517241379,-5.55172413793
TD Garden/North Station,42.366261,-71.062103,2012-05-05 11:00,12.4827586207,2.51724137931
TD Garden/North Station,42.366261,-71.062103,2012-05-05 12:00,8.89655172414,2.10344827586
TD Garden/North Station,42.366261,-71.062103,2012-05-05 13:00,9.8275862069,1.1724137931
TD Garden/North Station,42.366261,-71.062103,2012-05-05 14:00,9.8275862069,-0.827586206897
TD Garden/North Station,42.366261,-71.062103,2012-05-05 15:00,15.5666666667,-2.56666666667
TD Garden/North Station,42.366261,-71.062103,2012-05-05 16:00,12.4827586207,-4.48275862069
TD Garden/North Station,42.366261,-71.062103,2012-05-05 17:00,14.7333333333,3.26666666667
TD Garden/North Station,42.366261,-71.062103,2012-05-05 18:00,17.3103448276,-10.3103448276
TD Garden/North Station,42.366261,-71.062103,2012-05-05 19:00,15.6551724138,-0.655172413793
TD Garden/North Station,42.366261,-71.062103,2012-05-05 20:00,16.1724137931,-4.1724137931
TD Garden/North Station,42.366261,-71.062103,2012-05-05 21:00,15.5333333333,-8.53333333333
TD Garden/North Station,42.366261,-71.062103,2012-05-05 22:00,30.2068965517,-4.20689655172
TD Garden/North Station,42.366261,-71.062103,2012-05-05 23:00,42.3666666667,-1.36666666667
TD Garden/North Station,42.366261,-71.062103,2012-05-06 00:00,61.1,25.9
South Station,42.351818,-71.055138,2012-05-01 00:00,31.6333333333,0.366666666667
South Station,42.351818,-71.055138,2012-05-01 01:00,19.1935483871,-10.1935483871
South Station,42.351818,-71.055138,2012-05-01 02:00,7.32142857143,-3.32142857143
South Station,42.351818,-71.055138,2012-05-01 03:00,8.06666666667,2.93333333333
South Station,42.351818,-71.055138,2012-05-01 04:00,8.35714285714,-1.35714285714
South Station,42.351818,-71.055138,2012-05-01 05:00,4.89285714286,3.10714285714
South Station,42.351818,-71.055138,2012-05-01 06:00,12.2666666667,4.73333333333
South Station,42.351818,-71.055138,2012-05-01 07:00,20.9333333333,-0.933333333333
South Station,42.351818,-71.055138,2012-05-01 08:00,35.7096774194,12.2903225806
South Station,42.351818,-71.055138,2012-05-01 09:00,32.2903225806,12.7096774194
South Station,42.351818,-71.055138,2012-05-01 10:00,42.1935483871,8.8064516129
South Station,42.351818,-71.055138,2012-05-01 11:00,52.9677419355,18.0322580645
South Station,42.351818,-71.055138,2012-05-01 12:00,52.4516129032,10.5483870968
South Station,42.351818,-71.055138,2012-05-01 13:00,58.6,-0.6
South Station,42.351818,-71.055138,2012-05-01 14:00,45.8387096774,14.1612903226
South Station,42.351818,-71.055138,2012-05-01 15:00,57.0967741935,11.9032258065
South Station,42.351818,-71.055138,2012-05-01 16:00,62.1290322581,8.87096774194
South Station,42.351818,-71.055138,2012-05-01 17:00,59.5161290323,13.4838709677
South Station,42.351818,-71.055138,2012-05-01 18:00,64.064516129,27.935483871
South Station,42.351818,-71.055138,2012-05-01 19:00,55.5161290323,28.4838709677
South Station,42.351818,-71.055138,2012-05-01 20:00,57.6129032258,18.3870967742
South Station,42.351818,-71.055138,2012-05-01 21:00,45.2258064516,-9.22580645161
South Station,42.351818,-71.055138,2012-05-01 22:00,46.2666666667,10.7333333333
South Station,42.351818,-71.055138,2012-05-01 23:00,29.3548387097,-0.354838709677
South Station,42.351818,-71.055138,2012-05-02 00:00,30.0,-2.0
South Station,42.351818,-71.055138,2012-05-02 01:00,15.2666666667,-3.26666666667
South Station,42.351818,-71.055138,2012-05-02 02:00,8.6,-3.6
South Station,42.351818,-71.055138,2012-05-02 03:00,7.92857142857,0.0714285714286
South Station,42.351818,-71.055138,2012-05-02 04:00,6.31034482759,-4.31034482759
South Station,42.351818,-71.055138,2012-05-02 05:00,6.27586206897,3.72413793103
South Station,42.351818,-71.055138,2012-05-02 06:00,10.3666666667,-0.366666666667
South Station,42.351818,-71.055138,2012-05-02 07:00,19.5806451613,-4.58064516129
South Station,42.351818,-71.055138,2012-05-02 08:00,36.1666666667,6.83333333333
South Station,42.351818,-71.055138,2012-05-02 09:00,33.6,5.4
South Station,42.351818,-71.055138,2012-05-02 10:00,45.3448275862,-1.34482758621
South Station,42.351818,-71.055138,2012-05-02 11:00,58.9333333333,4.06666666667
South Station,42.351818,-71.055138,2012-05-02 12:00,51.3666666667,-3.36666666667
South Station,42.351818,-71.055138,2012-05-02 13:00,56.1,-1.1
South Station,42.351818,-71.055138,2012-05-02 14:00,43.0,1.0
South Station,42.351818,-71.055138,2012-05-02 15:00,62.1,3.9
South Station,42.351818,-71.055138,2012-05-02 16:00,67.1333333333,10.8666666667
South Station,42.351818,-71.055138,2012-05-02 17:00,55.7,9.3
South Station,42.351818,-71.055138,2012-05-02 18:00,62.0666666667,14.9333333333
South Station,42.351818,-71.055138,2012-05-02 19:00,60.8,-4.8
South Station,42.351818,-71.055138,2012-05-02 20:00,64.7333333333,4.26666666667
South Station,42.351818,-71.055138,2012-05-02 21:00,51.3333333333,-1.33333333333
South Station,42.351818,-71.055138,2012-05-02 22:00,54.0,9.0
South Station,42.351818,-71.055138,2012-05-02 23:00,31.0666666667,-0.0666666666667
South Station,42.351818,-71.055138,2012-05-03 00:00,30.1666666667,-4.16666666667
South Station,42.351818,-71.055138,2012-05-03 01:00,17.1666666667,-4.16666666667
South Station,42.351818,-71.055138,2012-05-03 02:00,10.0689655172,-3.06896551724
South Station,42.351818,-71.055138,2012-05-03 03:00,6.46666666667,3.53333333333
South Station,42.351818,-71.055138,2012-05-03 04:00,7.25,-3.25
South Station,42.351818,-71.055138,2012-05-03 05:00,5.32142857143,-2.32142857143
South Station,42.351818,-71.055138,2012-05-03 06:00,12.2068965517,0.793103448276
South Station,42.351818,-71.055138,2012-05-03 07:00,20.1333333333,0.866666666667
South Station,42.351818,-71.055138,2012-05-03 08:00,34.3666666667,3.63333333333
South Station,42.351818,-71.055138,2012-05-03 09:00,34.2,-8.2
South Station,42.351818,-71.055138,2012-05-03 10:00,41.5666666667,9.43333333333
South Station,42.351818,-71.055138,2012-05-03 11:00,59.6206896552,7.37931034483
South Station,42.351818,-71.055138,2012-05-03 12:00,53.4827586207,-0.48275862069
South Station,42.351818,-71.055138,2012-05-03 13:00,56.1666666667,1.83333333333
South Station,42.351818,-71.055138,2012-05-03 14:00,46.8333333333,-2.83333333333
South Station,42.351818,-71.055138,2012-05-03 15:00,63.3333333333,-16.3333333333
South Station,42.351818,-71.055138,2012-05-03 16:00,73.5666666667,13.4333333333
South Station,42.351818,-71.055138,2012-05-03 17:00,54.2333333333,18.7666666667
South Station,42.351818,-71.055138,2012-05-03 18:00,60.1666666667,27.8333333333
South Station,42.351818,-71.055138,2012-05-03 19:00,65.6333333333,-8.63333333333
South Station,42.351818,-71.055138,2012-05-03 20:00,66.9333333333,14.0666666667
South Station,42.351818,-71.055138,2012-05-03 21:00,57.4,6.6
South Station,42.351818,-71.055138,2012-05-03 22:00,59.7931034483,27.2068965517
South Station,42.351818,-71.055138,2012-05-03 23:00,42.4,-7.4
South Station,42.351818,-71.055138,2012-05-04 00:00,41.0,13.0
South Station,42.351818,-71.055138,2012-05-04 01:00,22.6333333333,2.36666666667
South Station,42.351818,-71.055138,2012-05-04 02:00,11.4827586207,0.51724137931
South Station,42.351818,-71.055138,2012-05-04 03:00,7.25,9.75
South Station,42.351818,-71.055138,2012-05-04 04:00,8.8275862069,0.172413793103
South Station,42.351818,-71.055138,2012-05-04 05:00,6.75862068966,-4.75862068966
South Station,42.351818,-71.055138,2012-05-04 06:00,11.6206896552,0.379310344828
South Station,42.351818,-71.055138,2012-05-04 07:00,17.275862069,-0.275862068966
South Station,42.351818,-71.055138,2012-05-04 08:00,33.3333333333,18.6666666667
South Station,42.351818,-71.055138,2012-05-04 09:00,30.1379310345,8.86206896552
South Station,42.351818,-71.055138,2012-05-04 10:00,35.2333333333,8.76666666667
South Station,42.351818,-71.055138,2012-05-04 11:00,58.2333333333,27.7666666667
South Station,42.351818,-71.055138,2012-05-04 12:00,54.7,6.3
South Station,42.351818,-71.055138,2012-05-04 13:00,57.1666666667,16.8333333333
South Station,42.351818,-71.055138,2012-05-04 14:00,53.3,-12.3
South Station,42.351818,-71.055138,2012-05-04 15:00,63.3666666667,5.63333333333
South Station,42.351818,-71.055138,2012-05-04 16:00,64.3333333333,27.6666666667
South Station,42.351818,-71.055138,2012-05-04 17:00,54.2413793103,27.7586206897
South Station,42.351818,-71.055138,2012-05-04 18:00,64.1333333333,27.8666666667
South Station,42.351818,-71.055138,2012-05-04 19:00,68.3333333333,13.6666666667
South Station,42.351818,-71.055138,2012-05-04 20:00,66.2333333333,-12.2333333333
South Station,42.351818,-71.055138,2012-05-04 21:00,64.9666666667,-0.966666666667
South Station,42.351818,-71.055138,2012-05-04 22:00,70.4827586207,13.5172413793
South Station,42.351818,-71.055138,2012-05-04 23:00,56.2,2.8
South Station,42.351818,-71.055138,2012-05-05 00:00,50.2333333333,4.76666666667
South Station,42.351818,-71.055138,2012-05-05 01:00,37.6206896552,0.379310344828
South Station,42.351818,-71.055138,2012-05-05 02:00,25.0689655172,-12.0689655172
South Station,42.351818,-71.055138,2012-05-05 03:00,12.3793103448,-7.37931034483
South Station,42.351818,-71.055138,2012-05-05 04:00,5.0,5.0
South Station,42.351818,-71.055138,2012-05-05 05:00,5.58620689655,0.413793103448
South Station,42.351818,-71.055138,2012-05-05 06:00,6.0,-2.0
South Station,42.351818,-71.055138,2012-05-05 07:00,9.26666666667,-5.26666666667
South Station,42.351818,-71.055138,2012-05-05 08:00,15.2333333333,1.76666666667
South Station,42.351818,-71.055138,2012-05-05 09:00,13.7333333333,-4.73333333333
South Station,42.351818,-71.055138,2012-05-05 10:00,18.3666666667,12.6333333333
South Station,42.351818,-71.055138,2012-05-05 11:00,41.5862068966,2.41379310345
South Station,42.351818,-71.055138,2012-05-05 12:00,32.4,-8.4
South Station,42.351818,-71.055138,2012-05-05 13:00,39.8333333333,13.1666666667
South Station,42.351818,-71.055138,2012-05-05 14:00,45.8965517241,-1.89655172414
South Station,42.351818,-71.055138,2012-05-05 15:00,38.4333333333,-18.4333333333
South Station,42.351818,-71.055138,2012-05-05 16:00,37.9,9.1
South Station,42.351818,-71.055138,2012-05-05 17:00,41.1333333333,-5.13333333333
South Station,42.351818,-71.055138,2012-05-05 18:00,39.3,-8.3
South Station,42.351818,-71.055138,2012-05-05 19:00,41.6,-7.6
South Station,42.351818,-71.055138,2012-05-05 20:00,33.5172413793,0.48275862069
South Station,42.351818,-71.055138,2012-05-05 21:00,35.2068965517,4.79310344828
South Station,42.351818,-71.055138,2012-05-05 22:00,26.6666666667,7.33333333333
South Station,42.351818,-71.055138,2012-05-05 23:00,35.5517241379,-3.55172413793
South Station,42.351818,-71.055138,2012-05-06 00:00,30.5666666667,1.43333333333
Children's Museum,42.351658,-71.049767,2012-05-01 00:00,4.36,0.64
Children's Museum,42.351658,-71.049767,2012-05-01 01:00,3.125,-1.125
Children's Museum,42.351658,-71.049767,2012-05-01 02:00,1.73684210526,-1.73684210526
Children's Museum,42.351658,-71.049767,2012-05-01 03:00,1.15384615385,0.846153846154
Children's Museum,42.351658,-71.049767,2012-05-01 04:00,1.33333333333,-1.33333333333
Children's Museum,42.351658,-71.049767,2012-05-01 05:00,1.27272727273,-1.27272727273
Children's Museum,42.351658,-71.049767,2012-05-01 06:00,1.75,0.25
Children's Museum,42.351658,-71.049767,2012-05-01 07:00,1.86363636364,1.13636363636
Children's Museum,42.351658,-71.049767,2012-05-01 08:00,3.25925925926,0.740740740741
Children's Museum,42.351658,-71.049767,2012-05-01 09:00,5.43333333333,1.56666666667
Children's Museum,42.351658,-71.049767,2012-05-01 10:00,4.96666666667,2.03333333333
Children's Museum,42.351658,-71.049767,2012-05-01 11:00,6.23333333333,3.76666666667
Children's Museum,42.351658,-71.049767,2012-05-01 12:00,6.7,2.3
Children's Museum,42.351658,-71.049767,2012-05-01 13:00,7.96551724138,5.03448275862
Children's Museum,42.351658,-71.049767,2012-05-01 14:00,6.7,3.3
Children's Museum,42.351658,-71.049767,2012-05-01 15:00,6.46666666667,3.53333333333
Children's Museum,42.351658,-71.049767,2012-05-01 16:00,7.0,1.0
Children's Museum,42.351658,-71.049767,2012-05-01 17:00,6.63333333333,1.36666666667
Children's Museum,42.351658,-71.049767,2012-05-01 18:00,7.8,-2.8
Children's Museum,42.351658,-71.049767,2012-05-01 19:00,7.73333333333,1.26666666667
Children's Museum,42.351658,-71.049767,2012-05-01 20:00,7.7,-4.7
Children's Museum,42.351658,-71.049767,2012-05-01 21:00,9.13793103448,5.86206896552
Children's Museum,42.351658,-71.049767,2012-05-01 22:00,7.93333333333,-2.93333333333
Children's Museum,42.351658,-71.049767,2012-05-01 23:00,8.1724137931,-2.1724137931
Children's Museum,42.351658,-71.049767,2012-05-02 00:00,6.8275862069,-6.8275862069
Children's Museum,42.351658,-71.049767,2012-05-02 01:00,4.19230769231,-3.19230769231
Children's Museum,42.351658,-71.049767,2012-05-02 02:00,3.0,-1.0
Children's Museum,42.351658,-71.049767,2012-05-02 03:00,1.5625,-0.5625
Children's Museum,42.351658,-71.049767,2012-05-02 04:00,1.2,-1.2
Children's Museum,42.351658,-71.049767,2012-05-02 05:00,1.22222222222,-1.22222222222
Children's Museum,42.351658,-71.049767,2012-05-02 06:00,1.06666666667,-0.0666666666667
Children's Museum,42.351658,-71.049767,2012-05-02 07:00,2.10714285714,1.89285714286
Children's Museum,42.351658,-71.049767,2012-05-02 08:00,2.96428571429,0.0357142857143
Children's Museum,42.351658,-71.049767,2012-05-02 09:00,4.75862068966,-1.75862068966
Children's Museum,42.351658,-71.049767,2012-05-02 10:00,4.24137931034,-0.241379310345
Children's Museum,42.351658,-71.049767,2012-05-02 11:00,6.07142857143,2.92857142857
Children's Museum,42.351658,-71.049767,2012-05-02 12:00,6.06896551724,3.93103448276
Children's Museum,42.351658,-71.049767,2012-05-02 13:00,7.24137931034,-2.24137931034
Children's Museum,42.351658,-71.049767,2012-05-02 14:00,6.51724137931,-4.51724137931
Children's Museum,42.351658,-71.049767,2012-05-02 15:00,7.9,2.1
Children's Museum,42.351658,-71.049767,2012-05-02 16:00,7.76666666667,-3.76666666667
Children's Museum,42.351658,-71.049767,2012-05-02 17:00,7.73333333333,3.26666666667
Children's Museum,42.351658,-71.049767,2012-05-02 18:00,7.53571428571,0.464285714286
Children's Museum,42.351658,-71.049767,2012-05-02 19:00,8.13793103448,-5.13793103448
Children's Museum,42.351658,-71.049767,2012-05-02 20:00,7.8275862069,4.1724137931
Children's Museum,42.351658,-71.049767,2012-05-02 21:00,8.53333333333,-1.53333333333
Children's Museum,42.351658,-71.049767,2012-05-02 22:00,9.4,3.6
Children's Museum,42.351658,-71.049767,2012-05-02 23:00,7.96551724138,-2.96551724138
Children's Museum,42.351658,-71.049767,2012-05-03 00:00,6.31034482759,-2.31034482759
Children's Museum,42.351658,-71.049767,2012-05-03 01:00,3.89285714286,1.10714285714
Children's Museum,42.351658,-71.049767,2012-05-03 02:00,2.0,2.0
Children's Museum,42.351658,-71.049767,2012-05-03 03:00,1.46666666667,1.53333333333
Children's Museum,42.351658,-71.049767,2012-05-03 04:00,1.25,-1.25
Children's Museum,42.351658,-71.049767,2012-05-03 05:00,1.08333333333,-1.08333333333
Children's Museum,42.351658,-71.049767,2012-05-03 06:00,1.18181818182,-0.181818181818
Children's Museum,42.351658,-71.049767,2012-05-03 07:00,1.80952380952,1.19047619048
Children's Museum,42.351658,-71.049767,2012-05-03 08:00,3.39285714286,2.60714285714
Children's Museum,42.351658,-71.049767,2012-05-03 09:00,4.89285714286,-0.892857142857
Children's Museum,42.351658,-71.049767,2012-05-03 10:00,4.24137931034,-1.24137931034
Children's Museum,42.351658,-71.049767,2012-05-03 11:00,6.48275862069,4.51724137931
Children's Museum,42.351658,-71.049767,2012-05-03 12:00,6.75,4.25
Children's Museum,42.351658,-71.049767,2012-05-03 13:00,8.34482758621,0.655172413793
Children's Museum,42.351658,-71.049767,2012-05-03 14:00,7.14285714286,0.857142857143
Children's Museum,42.351658,-71.049767,2012-05-03 15:00,6.72413793103,2.27586206897
Children's Museum,42.351658,-71.049767,2012-05-03 16:00,5.51724137931,4.48275862069
Children's Museum,42.351658,-71.049767,2012-05-03 17:00,6.75862068966,4.24137931034
Children's Museum,42.351658,-71.049767,2012-05-03 18:00,8.85714285714,10.1428571429
Children's Museum,42.351658,-71.049767,2012-05-03 19:00,9.60714285714,2.39285714286
Children's Museum,42.351658,-71.049767,2012-05-03 20:00,10.0689655172,0.931034482759
Children's Museum,42.351658,-71.049767,2012-05-03 21:00,10.1,15.9
Children's Museum,42.351658,-71.049767,2012-05-03 22:00,14.9642857143,-0.964285714286
Children's Museum,42.351658,-71.049767,2012-05-03 23:00,15.0357142857,5.96428571429
Children's Museum,42.351658,-71.049767,2012-05-04 00:00,11.5862068966,-0.586206896552
Children's Museum,42.351658,-71.049767,2012-05-04 01:00,7.65517241379,-1.65517241379
Children's Museum,42.351658,-71.049767,2012-05-04 02:00,3.7037037037,-1.7037037037
Children's Museum,42.351658,-71.049767,2012-05-04 03:00,1.61111111111,0.388888888889
Children's Museum,42.351658,-71.049767,2012-05-04 04:00,1.25,-1.25
Children's Museum,42.351658,-71.049767,2012-05-04 05:00,1.33333333333,0.666666666667
Children's Museum,42.351658,-71.049767,2012-05-04 06:00,1.29411764706,-1.29411764706
Children's Museum,42.351658,-71.049767,2012-05-04 07:00,1.73684210526,1.26315789474
Children's Museum,42.351658,-71.049767,2012-05-04 08:00,3.15384615385,1.84615384615
Children's Museum,42.351658,-71.049767,2012-05-04 09:00,4.03571428571,2.96428571429
Children's Museum,42.351658,-71.049767,2012-05-04 10:00,3.59259259259,1.40740740741
Children's Museum,42.351658,-71.049767,2012-05-04 11:00,5.8,3.2
Children's Museum,42.351658,-71.049767,2012-05-04 12:00,6.37931034483,-2.37931034483
Children's Museum,42.351658,-71.049767,2012-05-04 13:00,6.43333333333,3.56666666667
Children's Museum,42.351658,-71.049767,2012-05-04 14:00,6.41379310345,3.58620689655
Children's Museum,42.351658,-71.049767,2012-05-04 15:00,6.0,-4.0
Children's Museum,42.351658,-71.049767,2012-05-04 16:00,5.67857142857,2.32142857143
Children's Museum,42.351658,-71.049767,2012-05-04 17:00,6.10344827586,-2.10344827586
Children's Museum,42.351658,-71.049767,2012-05-04 18:00,8.79310344828,-0.793103448276
Children's Museum,42.351658,-71.049767,2012-05-04 19:00,9.89655172414,1.10344827586
Children's Museum,42.351658,-71.049767,2012-05-04 20:00,10.0357142857,0.964285714286
Children's Museum,42.351658,-71.049767,2012-05-04 21:00,11.8666666667,-2.86666666667
Children's Museum,42.351658,-71.049767,2012-05-04 22:00,16.5172413793,-0.51724137931
Children's Museum,42.351658,-71.049767,2012-05-04 23:00,25.2333333333,2.76666666667
Children's Museum,42.351658,-71.049767,2012-05-05 00:00,24.5333333333,1.46666666667
Children's Museum,42.351658,-71.049767,2012-05-05 01:00,21.5862068966,8.41379310345
Children's Museum,42.351658,-71.049767,2012-05-05 02:00,8.96551724138,-1.96551724138
Children's Museum,42.351658,-71.049767,2012-05-05 03:00,2.25,-2.25
Children's Museum,42.351658,-71.049767,2012-05-05 04:00,1.33333333333,-1.33333333333
Children's Museum,42.351658,-71.049767,2012-05-05 05:00,1.0,0.0
Children's Museum,42.351658,-71.049767,2012-05-05 06:00,1.0,-1.0
Children's Museum,42.351658,-71.049767,2012-05-05 07:00,1.16666666667,-1.16666666667
Children's Museum,42.351658,-71.049767,2012-05-05 08:00,1.38461538462,-0.384615384615
Children's Museum,42.351658,-71.049767,2012-05-05 09:00,1.4,0.6
Children's Museum,42.351658,-71.049767,2012-05-05 10:00,1.75,1.25
Children's Museum,42.351658,-71.049767,2012-05-05 11:00,1.58823529412,-1.58823529412
Children's Museum,42.351658,-71.049767,2012-05-05 12:00,2.44444444444,-0.444444444444
Children's Museum,42.351658,-71.049767,2012-05-05 13:00,2.26923076923,2.73076923077
Children's Museum,42.351658,-71.049767,2012-05-05 14:00,2.32,0.68
Children's Museum,42.351658,-71.049767,2012-05-05 15:00,2.64,-0.64
Children's Museum,42.351658,-71.049767,2012-05-05 16:00,3.14285714286,-0.142857142857
Children's Museum,42.351658,-71.049767,2012-05-05 17:00,3.44827586207,3.55172413793
Children's Museum,42.351658,-71.049767,2012-05-05 18:00,5.28571428571,-1.28571428571
Children's Museum,42.351658,-71.049767,2012-05-05 19:00,7.57142857143,17.4285714286
Children's Museum,42.351658,-71.049767,2012-05-05 20:00,10.5517241379,12.4482758621
Children's Museum,42.351658,-71.049767,2012-05-05 21:00,13.7586206897,7.24137931034
Children's Museum,42.351658,-71.049767,2012-05-05 22:00,21.6,22.4
Children's Museum,42.351658,-71.049767,2012-05-05 23:00,28.0344827586,13.9655172414
Children's Museum,42.351658,-71.049767,2012-05-06 00:00,27.7333333333,10.2666666667
Logan International Airport,42.366631,-71.016518,2012-05-01 00:00,18.3214285714,-3.32142857143
Logan International Airport,42.366631,-71.016518,2012-05-01 01:00,9.04545454545,-9.04545454545
Logan International Airport,42.366631,-71.016518,2012-05-01 02:00,4.0,-4.0
Logan International Airport,42.366631,-71.016518,2012-05-01 03:00,1.42857142857,-1.42857142857
Logan International Airport,42.366631,-71.016518,2012-05-01 04:00,2.81818181818,-0.818181818182
Logan International Airport,42.366631,-71.016518,2012-05-01 05:00,7.23333333333,0.766666666667
Logan International Airport,42.366631,-71.016518,2012-05-01 06:00,9.10714285714,1.89285714286
Logan International Airport,42.366631,-71.016518,2012-05-01 07:00,22.5172413793,-7.51724137931
Logan International Airport,42.366631,-71.016518,2012-05-01 08:00,18.4482758621,-10.4482758621
Logan International Airport,42.366631,-71.016518,2012-05-01 09:00,23.7586206897,12.2413793103
Logan International Airport,42.366631,-71.016518,2012-05-01 10:00,17.8,-6.8
Logan International Airport,42.366631,-71.016518,2012-05-01 11:00,6.79310344828,1.20689655172
Logan International Airport,42.366631,-71.016518,2012-05-01 12:00,10.2333333333,-0.233333333333
Logan International Airport,42.366631,-71.016518,2012-05-01 13:00,10.1724137931,-0.172413793103
Logan International Airport,42.366631,-71.016518,2012-05-01 14:00,15.0,5.0
Logan International Airport,42.366631,-71.016518,2012-05-01 15:00,10.9032258065,3.09677419355
Logan International Airport,42.366631,-71.016518,2012-05-01 16:00,16.6129032258,0.387096774194
Logan International Airport,42.366631,-71.016518,2012-05-01 17:00,18.3333333333,-2.33333333333
Logan International Airport,42.366631,-71.016518,2012-05-01 18:00,15.7096774194,2.29032258065
Logan International Airport,42.366631,-71.016518,2012-05-01 19:00,20.935483871,-5.93548387097
Logan International Airport,42.366631,-71.016518,2012-05-01 20:00,17.1290322581,6.87096774194
Logan International Airport,42.366631,-71.016518,2012-05-01 21:00,18.5,10.5
Logan International Airport,42.366631,-71.016518,2012-05-01 22:00,22.1,-4.1
Logan International Airport,42.366631,-71.016518,2012-05-01 23:00,18.1290322581,5.87096774194
Logan International Airport,42.366631,-71.016518,2012-05-02 00:00,15.8064516129,-7.8064516129
Logan International Airport,42.366631,-71.016518,2012-05-02 01:00,8.21428571429,-8.21428571429
Logan International Airport,42.366631,-71.016518,2012-05-02 02:00,3.77777777778,-3.77777777778
Logan International Airport,42.366631,-71.016518,2012-05-02 03:00,1.44444444444,-1.44444444444
Logan International Airport,42.366631,-71.016518,2012-05-02 04:00,3.08333333333,0.916666666667
Logan International Airport,42.366631,-71.016518,2012-05-02 05:00,5.42857142857,-3.42857142857
Logan International Airport,42.366631,-71.016518,2012-05-02 06:00,6.86206896552,0.137931034483
Logan International Airport,42.366631,-71.016518,2012-05-02 07:00,18.8666666667,-4.86666666667
Logan International Airport,42.366631,-71.016518,2012-05-02 08:00,11.9666666667,-1.96666666667
Logan International Airport,42.366631,-71.016518,2012-05-02 09:00,22.4333333333,24.5666666667
Logan International Airport,42.366631,-71.016518,2012-05-02 10:00,17.9310344828,-13.9310344828
Logan International Airport,42.366631,-71.016518,2012-05-02 11:00,7.93333333333,-1.93333333333
Logan International Airport,42.366631,-71.016518,2012-05-02 12:00,13.4,-4.4
Logan International Airport,42.366631,-71.016518,2012-05-02 13:00,10.8333333333,-5.83333333333
Logan International Airport,42.366631,-71.016518,2012-05-02 14:00,17.0344827586,7.96551724138
Logan International Airport,42.366631,-71.016518,2012-05-02 15:00,12.9655172414,1.03448275862
Logan International Airport,42.366631,-71.016518,2012-05-02 16:00,18.1379310345,3.86206896552
Logan International Airport,42.366631,-71.016518,2012-05-02 17:00,19.3103448276,7.68965517241
Logan International Airport,42.366631,-71.016518,2012-05-02 18:00,20.4,-8.4
Logan International Airport,42.366631,-71.016518,2012-05-02 19:00,22.7,-5.7
Logan International Airport,42.366631,-71.016518,2012-05-02 20:00,19.3793103448,14.6206896552
Logan International Airport,42.366631,-71.016518,2012-05-02 21:00,18.7931034483,-3.79310344828
Logan International Airport,42.366631,-71.016518,2012-05-02 22:00,24.5517241379,11.4482758621
Logan International Airport,42.366631,-71.016518,2012-05-02 23:00,19.3103448276,-10.3103448276
Logan International Airport,42.366631,-71.016518,2012-05-03 00:00,14.275862069,10.724137931
Logan International Airport,42.366631,-71.016518,2012-05-03 01:00,9.34782608696,-9.34782608696
Logan International Airport,42.366631,-71.016518,2012-05-03 02:00,3.30769230769,-3.30769230769
Logan International Airport,42.366631,-71.016518,2012-05-03 03:00,2.75,-2.75
Logan International Airport,42.366631,-71.016518,2012-05-03 04:00,2.38095238095,1.61904761905
Logan International Airport,42.366631,-71.016518,2012-05-03 05:00,5.86666666667,-2.86666666667
Logan International Airport,42.366631,-71.016518,2012-05-03 06:00,7.0,7.0
Logan International Airport,42.366631,-71.016518,2012-05-03 07:00,19.4827586207,-2.48275862069
Logan International Airport,42.366631,-71.016518,2012-05-03 08:00,15.2,-7.2
Logan International Airport,42.366631,-71.016518,2012-05-03 09:00,17.5172413793,14.4827586207
Logan International Airport,42.366631,-71.016518,2012-05-03 10:00,16.4137931034,-11.4137931034
Logan International Airport,42.366631,-71.016518,2012-05-03 11:00,8.46666666667,-0.466666666667
Logan International Airport,42.366631,-71.016518,2012-05-03 12:00,11.724137931,-5.72413793103
Logan International Airport,42.366631,-71.016518,2012-05-03 13:00,11.7931034483,-3.79310344828
Logan International Airport,42.366631,-71.016518,2012-05-03 14:00,18.7,2.3
Logan International Airport,42.366631,-71.016518,2012-05-03 15:00,15.8965517241,6.10344827586
Logan International Airport,42.366631,-71.016518,2012-05-03 16:00,20.5666666667,7.43333333333
Logan International Airport,42.366631,-71.016518,2012-05-03 17:00,20.2666666667,3.73333333333
Logan International Airport,42.366631,-71.016518,2012-05-03 18:00,21.4482758621,3.55172413793
Logan International Airport,42.366631,-71.016518,2012-05-03 19:00,27.25,-7.25
Logan International Airport,42.366631,-71.016518,2012-05-03 20:00,22.6896551724,11.3103448276
Logan International Airport,42.366631,-71.016518,2012-05-03 21:00,19.8965517241,4.10344827586
Logan International Airport,42.366631,-71.016518,2012-05-03 22:00,27.8620689655,-0.862068965517
Logan International Airport,42.366631,-71.016518,2012-05-03 23:00,20.8333333333,10.1666666667
Logan International Airport,42.366631,-71.016518,2012-05-04 00:00,16.9310344828,17.0689655172
Logan International Airport,42.366631,-71.016518,2012-05-04 01:00,9.74074074074,12.2592592593
Logan International Airport,42.366631,-71.016518,2012-05-04 02:00,3.2,-3.2
Logan International Airport,42.366631,-71.016518,2012-05-04 03:00,2.07142857143,4.92857142857
Logan International Airport,42.366631,-71.016518,2012-05-04 04:00,3.09523809524,1.90476190476
Logan International Airport,42.366631,-71.016518,2012-05-04 05:00,7.96428571429,-1.96428571429
Logan International Airport,42.366631,-71.016518,2012-05-04 06:00,9.10344827586,2.89655172414
Logan International Airport,42.366631,-71.016518,2012-05-04 07:00,21.0,10.0
Logan International Airport,42.366631,-71.016518,2012-05-04 08:00,13.6666666667,-4.66666666667
Logan International Airport,42.366631,-71.016518,2012-05-04 09:00,17.3103448276,0.689655172414
Logan International Airport,42.366631,-71.016518,2012-05-04 10:00,13.6,-3.6
Logan International Airport,42.366631,-71.016518,2012-05-04 11:00,8.82142857143,-0.821428571429
Logan International Airport,42.366631,-71.016518,2012-05-04 12:00,11.9655172414,2.03448275862
Logan International Airport,42.366631,-71.016518,2012-05-04 13:00,12.5,0.5
Logan International Airport,42.366631,-71.016518,2012-05-04 14:00,18.6896551724,7.31034482759
Logan International Airport,42.366631,-71.016518,2012-05-04 15:00,14.0333333333,0.966666666667
Logan International Airport,42.366631,-71.016518,2012-05-04 16:00,17.6206896552,-4.62068965517
Logan International Airport,42.366631,-71.016518,2012-05-04 17:00,23.0,-8.0
Logan International Airport,42.366631,-71.016518,2012-05-04 18:00,19.5172413793,5.48275862069
Logan International Airport,42.366631,-71.016518,2012-05-04 19:00,20.2068965517,6.79310344828
Logan International Airport,42.366631,-71.016518,2012-05-04 20:00,18.9655172414,-0.965517241379
Logan International Airport,42.366631,-71.016518,2012-05-04 21:00,21.7333333333,13.2666666667
Logan International Airport,42.366631,-71.016518,2012-05-04 22:00,20.3666666667,-5.36666666667
Logan International Airport,42.366631,-71.016518,2012-05-04 23:00,15.9655172414,-8.96551724138
Logan International Airport,42.366631,-71.016518,2012-05-05 00:00,12.7931034483,9.20689655172
Logan International Airport,42.366631,-71.016518,2012-05-05 01:00,7.5652173913,2.4347826087
Logan International Airport,42.366631,-71.016518,2012-05-05 02:00,5.1,-5.1
Logan International Airport,42.366631,-71.016518,2012-05-05 03:00,2.0,-2.0
Logan International Airport,42.366631,-71.016518,2012-05-05 04:00,2.4347826087,1.5652173913
Logan International Airport,42.366631,-71.016518,2012-05-05 05:00,6.51724137931,-1.51724137931
Logan International Airport,42.366631,-71.016518,2012-05-05 06:00,6.89655172414,1.10344827586
Logan International Airport,42.366631,-71.016518,2012-05-05 07:00,13.9642857143,1.03571428571
Logan International Airport,42.366631,-71.016518,2012-05-05 08:00,9.73333333333,0.266666666667
Logan International Airport,42.366631,-71.016518,2012-05-05 09:00,9.1,-6.1
Logan International Airport,42.366631,-71.016518,2012-05-05 10:00,10.9333333333,-4.93333333333
Logan International Airport,42.366631,-71.016518,2012-05-05 11:00,7.0,-5.0
Logan International Airport,42.366631,-71.016518,2012-05-05 12:00,7.51724137931,-6.51724137931
Logan International Airport,42.366631,-71.016518,2012-05-05 13:00,7.89655172414,-4.89655172414
Logan International Airport,42.366631,-71.016518,2012-05-05 14:00,10.4137931034,-7.41379310345
Logan International Airport,42.366631,-71.016518,2012-05-05 15:00,6.36666666667,-2.36666666667
Logan International Airport,42.366631,-71.016518,2012-05-05 16:00,11.2413793103,9.75862068966
Logan International Airport,42.366631,-71.016518,2012-05-05 17:00,10.6333333333,-2.63333333333
Logan International Airport,42.366631,-71.016518,2012-05-05 18:00,11.6428571429,2.35714285714
Logan International Airport,42.366631,-71.016518,2012-05-05 19:00,11.4827586207,-5.48275862069
Logan International Airport,42.366631,-71.016518,2012-05-05 20:00,9.8275862069,-5.8275862069
Logan International Airport,42.366631,-71.016518,2012-05-05 21:00,6.13333333333,2.86666666667
Logan International Airport,42.366631,-71.016518,2012-05-05 22:00,10.724137931,2.27586206897
Logan International Airport,42.366631,-71.016518,2012-05-05 23:00,9.0,-2.0
Logan International Airport,42.366631,-71.016518,2012-05-06 00:00,9.15384615385,-3.15384615385
Hynes Convention Center,42.347626,-71.084206,2012-05-01 00:00,25.7666666667,5.23333333333
Hynes Convention Center,42.347626,-71.084206,2012-05-01 01:00,17.6451612903,15.3548387097
Hynes Convention Center,42.347626,-71.084206,2012-05-01 02:00,12.6,5.4
Hynes Convention Center,42.347626,-71.084206,2012-05-01 03:00,3.48275862069,4.51724137931
Hynes Convention Center,42.347626,-71.084206,2012-05-01 04:00,4.14814814815,2.85185185185
Hynes Convention Center,42.347626,-71.084206,2012-05-01 05:00,7.24137931034,0.758620689655
Hynes Convention Center,42.347626,-71.084206,2012-05-01 06:00,13.9310344828,7.06896551724
Hynes Convention Center,42.347626,-71.084206,2012-05-01 07:00,24.0666666667,8.93333333333
Hynes Convention Center,42.347626,-71.084206,2012-05-01 08:00,35.8387096774,19.1612903226
Hynes Convention Center,42.347626,-71.084206,2012-05-01 09:00,33.4193548387,-4.41935483871
Hynes Convention Center,42.347626,-71.084206,2012-05-01 10:00,31.1666666667,28.8333333333
Hynes Convention Center,42.347626,-71.084206,2012-05-01 11:00,38.2258064516,36.7741935484
Hynes Convention Center,42.347626,-71.084206,2012-05-01 12:00,42.7741935484,28.2258064516
Hynes Convention Center,42.347626,-71.084206,2012-05-01 13:00,44.9032258065,36.0967741935
Hynes Convention Center,42.347626,-71.084206,2012-05-01 14:00,47.2666666667,47.7333333333
Hynes Convention Center,42.347626,-71.084206,2012-05-01 15:00,51.3,36.7
Hynes Convention Center,42.347626,-71.084206,2012-05-01 16:00,49.7419354839,32.2580645161
Hynes Convention Center,42.347626,-71.084206,2012-05-01 17:00,59.1666666667,8.83333333333
Hynes Convention Center,42.347626,-71.084206,2012-05-01 18:00,68.4516129032,12.5483870968
Hynes Convention Center,42.347626,-71.084206,2012-05-01 19:00,72.3225806452,6.67741935484
Hynes Convention Center,42.347626,-71.084206,2012-05-01 20:00,65.7741935484,-11.7741935484
Hynes Convention Center,42.347626,-71.084206,2012-05-01 21:00,64.8,7.2
Hynes Convention Center,42.347626,-71.084206,2012-05-01 22:00,58.4516129032,6.54838709677
Hynes Convention Center,42.347626,-71.084206,2012-05-01 23:00,45.5161290323,-11.5161290323
Hynes Convention Center,42.347626,-71.084206,2012-05-02 00:00,32.0967741935,5.90322580645
Hynes Convention Center,42.347626,-71.084206,2012-05-02 01:00,23.3225806452,6.67741935484
Hynes Convention Center,42.347626,-71.084206,2012-05-02 02:00,15.064516129,-0.0645161290323
Hynes Convention Center,42.347626,-71.084206,2012-05-02 03:00,5.25,-0.25
Hynes Convention Center,42.347626,-71.084206,2012-05-02 04:00,5.39285714286,-4.39285714286
Hynes Convention Center,42.347626,-71.084206,2012-05-02 05:00,7.96774193548,1.03225806452
Hynes Convention Center,42.347626,-71.084206,2012-05-02 06:00,14.9,-2.9
Hynes Convention Center,42.347626,-71.084206,2012-05-02 07:00,30.8666666667,-0.866666666667
Hynes Convention Center,42.347626,-71.084206,2012-05-02 08:00,39.4193548387,6.58064516129
Hynes Convention Center,42.347626,-71.084206,2012-05-02 09:00,35.5161290323,-6.51612903226
Hynes Convention Center,42.347626,-71.084206,2012-05-02 10:00,31.3,-6.3
Hynes Convention Center,42.347626,-71.084206,2012-05-02 11:00,38.8,-7.8
Hynes Convention Center,42.347626,-71.084206,2012-05-02 12:00,39.7666666667,6.23333333333
Hynes Convention Center,42.347626,-71.084206,2012-05-02 13:00,43.9666666667,-0.966666666667
Hynes Convention Center,42.347626,-71.084206,2012-05-02 14:00,47.5,-11.5
Hynes Convention Center,42.347626,-71.084206,2012-05-02 15:00,49.5,-7.5
Hynes Convention Center,42.347626,-71.084206,2012-05-02 16:00,49.7,-3.7
Hynes Convention Center,42.347626,-71.084206,2012-05-02 17:00,61.6666666667,-6.66666666667
Hynes Convention Center,42.347626,-71.084206,2012-05-02 18:00,67.6666666667,-5.66666666667
Hynes Convention Center,42.347626,-71.084206,2012-05-02 19:00,69.0,-5.0
Hynes Convention Center,42.347626,-71.084206,2012-05-02 20:00,67.1,5.9
Hynes Convention Center,42.347626,-71.084206,2012-05-02 21:00,62.0666666667,6.93333333333
Hynes Convention Center,42.347626,-71.084206,2012-05-02 22:00,60.0,11.0
Hynes Convention Center,42.347626,-71.084206,2012-05-02 23:00,50.5666666667,1.43333333333
Hynes Convention Center,42.347626,-71.084206,2012-05-03 00:00,39.4,-16.4
Hynes Convention Center,42.347626,-71.084206,2012-05-03 01:00,30.4137931034,-3.41379310345
Hynes Convention Center,42.347626,-71.084206,2012-05-03 02:00,18.5862068966,8.41379310345
Hynes Convention Center,42.347626,-71.084206,2012-05-03 03:00,5.3,-1.3
Hynes Convention Center,42.347626,-71.084206,2012-05-03 04:00,6.0,1.0
Hynes Convention Center,42.347626,-71.084206,2012-05-03 05:00,8.86206896552,-0.862068965517
Hynes Convention Center,42.347626,-71.084206,2012-05-03 06:00,16.9666666667,0.0333333333333
Hynes Convention Center,42.347626,-71.084206,2012-05-03 07:00,30.9666666667,1.03333333333
Hynes Convention Center,42.347626,-71.084206,2012-05-03 08:00,40.8666666667,-0.866666666667
Hynes Convention Center,42.347626,-71.084206,2012-05-03 09:00,37.2333333333,-3.23333333333
Hynes Convention Center,42.347626,-71.084206,2012-05-03 10:00,29.6333333333,-7.63333333333
Hynes Convention Center,42.347626,-71.084206,2012-05-03 11:00,36.9333333333,10.0666666667
Hynes Convention Center,42.347626,-71.084206,2012-05-03 12:00,38.8275862069,6.1724137931
Hynes Convention Center,42.347626,-71.084206,2012-05-03 13:00,43.6,-10.6
Hynes Convention Center,42.347626,-71.084206,2012-05-03 14:00,44.3666666667,-7.36666666667
Hynes Convention Center,42.347626,-71.084206,2012-05-03 15:00,48.5666666667,-13.5666666667
Hynes Convention Center,42.347626,-71.084206,2012-05-03 16:00,53.1034482759,-5.10344827586
Hynes Convention Center,42.347626,-71.084206,2012-05-03 17:00,62.4,-0.4
Hynes Convention Center,42.347626,-71.084206,2012-05-03 18:00,73.3333333333,21.6666666667
Hynes Convention Center,42.347626,-71.084206,2012-05-03 19:00,75.5,-3.5
Hynes Convention Center,42.347626,-71.084206,2012-05-03 20:00,72.9333333333,20.0666666667
Hynes Convention Center,42.347626,-71.084206,2012-05-03 21:00,72.8,11.2
Hynes Convention Center,42.347626,-71.084206,2012-05-03 22:00,78.2,-0.2
Hynes Convention Center,42.347626,-71.084206,2012-05-03 23:00,73.0689655172,13.9310344828
Hynes Convention Center,42.347626,-71.084206,2012-05-04 00:00,61.0333333333,-10.0333333333
Hynes Convention Center,42.347626,-71.084206,2012-05-04 01:00,52.0333333333,6.96666666667
Hynes Convention Center,42.347626,-71.084206,2012-05-04 02:00,25.3666666667,9.63333333333
Hynes Convention Center,42.347626,-71.084206,2012-05-04 03:00,6.93103448276,-2.93103448276
Hynes Convention Center,42.347626,-71.084206,2012-05-04 04:00,6.96551724138,-2.96551724138
Hynes Convention Center,42.347626,-71.084206,2012-05-04 05:00,11.5517241379,-4.55172413793
Hynes Convention Center,42.347626,-71.084206,2012-05-04 06:00,14.9,3.1
Hynes Convention Center,42.347626,-71.084206,2012-05-04 07:00,26.0,7.0
Hynes Convention Center,42.347626,-71.084206,2012-05-04 08:00,36.3,-1.3
Hynes Convention Center,42.347626,-71.084206,2012-05-04 09:00,35.4333333333,-1.43333333333
Hynes Convention Center,42.347626,-71.084206,2012-05-04 10:00,31.5666666667,-6.56666666667
Hynes Convention Center,42.347626,-71.084206,2012-05-04 11:00,37.5,-5.5
Hynes Convention Center,42.347626,-71.084206,2012-05-04 12:00,45.8,3.2
Hynes Convention Center,42.347626,-71.084206,2012-05-04 13:00,50.6896551724,-3.68965517241
Hynes Convention Center,42.347626,-71.084206,2012-05-04 14:00,49.1,7.9
Hynes Convention Center,42.347626,-71.084206,2012-05-04 15:00,55.4666666667,-11.4666666667
Hynes Convention Center,42.347626,-71.084206,2012-05-04 16:00,58.6333333333,4.36666666667
Hynes Convention Center,42.347626,-71.084206,2012-05-04 17:00,68.7931034483,8.20689655172
Hynes Convention Center,42.347626,-71.084206,2012-05-04 18:00,80.5666666667,-8.56666666667
Hynes Convention Center,42.347626,-71.084206,2012-05-04 19:00,85.7,-21.7
Hynes Convention Center,42.347626,-71.084206,2012-05-04 20:00,73.0,-2.0
Hynes Convention Center,42.347626,-71.084206,2012-05-04 21:00,64.5,8.5
Hynes Convention Center,42.347626,-71.084206,2012-05-04 22:00,78.2666666667,-10.2666666667
Hynes Convention Center,42.347626,-71.084206,2012-05-04 23:00,91.0333333333,26.9666666667
Hynes Convention Center,42.347626,-71.084206,2012-05-05 00:00,103.733333333,9.26666666667
Hynes Convention Center,42.347626,-71.084206,2012-05-05 01:00,109.666666667,16.3333333333
Hynes Convention Center,42.347626,-71.084206,2012-05-05 02:00,56.8666666667,22.1333333333
Hynes Convention Center,42.347626,-71.084206,2012-05-05 03:00,10.6896551724,-4.68965517241
Hynes Convention Center,42.347626,-71.084206,2012-05-05 04:00,7.1724137931,-0.172413793103
Hynes Convention Center,42.347626,-71.084206,2012-05-05 05:00,9.20689655172,-4.20689655172
Hynes Convention Center,42.347626,-71.084206,2012-05-05 06:00,10.7931034483,-0.793103448276
Hynes Convention Center,42.347626,-71.084206,2012-05-05 07:00,15.7931034483,-6.79310344828
Hynes Convention Center,42.347626,-71.084206,2012-05-05 08:00,18.9655172414,-7.96551724138
Hynes Convention Center,42.347626,-71.084206,2012-05-05 09:00,23.3793103448,-8.37931034483
Hynes Convention Center,42.347626,-71.084206,2012-05-05 10:00,25.4666666667,-6.46666666667
Hynes Convention Center,42.347626,-71.084206,2012-05-05 11:00,30.7333333333,-3.73333333333
Hynes Convention Center,42.347626,-71.084206,2012-05-05 12:00,36.3333333333,0.666666666667
Hynes Convention Center,42.347626,-71.084206,2012-05-05 13:00,39.5517241379,-0.551724137931
Hynes Convention Center,42.347626,-71.084206,2012-05-05 14:00,43.0666666667,13.9333333333
Hynes Convention Center,42.347626,-71.084206,2012-05-05 15:00,51.0333333333,-7.03333333333
Hynes Convention Center,42.347626,-71.084206,2012-05-05 16:00,58.5862068966,40.4137931034
Hynes Convention Center,42.347626,-71.084206,2012-05-05 17:00,66.6666666667,9.33333333333
Hynes Convention Center,42.347626,-71.084206,2012-05-05 18:00,75.9666666667,-1.96666666667
Hynes Convention Center,42.347626,-71.084206,2012-05-05 19:00,75.9666666667,35.0333333333
Hynes Convention Center,42.347626,-71.084206,2012-05-05 20:00,66.3,31.7
Hynes Convention Center,42.347626,-71.084206,2012-05-05 21:00,73.1034482759,22.8965517241
Hynes Convention Center,42.347626,-71.084206,2012-05-05 22:00,80.9666666667,44.0333333333
Hynes Convention Center,42.347626,-71.084206,2012-05-05 23:00,93.9666666667,58.0333333333
Hynes Convention Center,42.347626,-71.084206,2012-05-06 00:00,116.066666667,78.9333333333
Fenway Park,42.346439,-71.097244,2012-05-01 00:00,19.9655172414,57.0344827586
Fenway Park,42.346439,-71.097244,2012-05-01 01:00,11.0,13.0
Fenway Park,42.346439,-71.097244,2012-05-01 02:00,10.3548387097,14.6451612903
Fenway Park,42.346439,-71.097244,2012-05-01 03:00,3.03703703704,-2.03703703704
Fenway Park,42.346439,-71.097244,2012-05-01 04:00,2.08695652174,1.91304347826
Fenway Park,42.346439,-71.097244,2012-05-01 05:00,2.34615384615,-0.346153846154
Fenway Park,42.346439,-71.097244,2012-05-01 06:00,3.66666666667,0.333333333333
Fenway Park,42.346439,-71.097244,2012-05-01 07:00,9.8275862069,-3.8275862069
Fenway Park,42.346439,-71.097244,2012-05-01 08:00,10.4666666667,2.53333333333
Fenway Park,42.346439,-71.097244,2012-05-01 09:00,9.9,8.1
Fenway Park,42.346439,-71.097244,2012-05-01 10:00,7.0,4.0
Fenway Park,42.346439,-71.097244,2012-05-01 11:00,7.56666666667,-1.56666666667
Fenway Park,42.346439,-71.097244,2012-05-01 12:00,6.8,0.2
Fenway Park,42.346439,-71.097244,2012-05-01 13:00,7.31034482759,-0.310344827586
Fenway Park,42.346439,-71.097244,2012-05-01 14:00,6.2,-1.2
Fenway Park,42.346439,-71.097244,2012-05-01 15:00,5.8,2.2
Fenway Park,42.346439,-71.097244,2012-05-01 16:00,7.76666666667,-5.76666666667
Fenway Park,42.346439,-71.097244,2012-05-01 17:00,9.46666666667,3.53333333333
Fenway Park,42.346439,-71.097244,2012-05-01 18:00,11.2333333333,-3.23333333333
Fenway Park,42.346439,-71.097244,2012-05-01 19:00,12.6333333333,2.36666666667
Fenway Park,42.346439,-71.097244,2012-05-01 20:00,31.1,62.9
Fenway Park,42.346439,-71.097244,2012-05-01 21:00,74.9,138.1
Fenway Park,42.346439,-71.097244,2012-05-01 22:00,65.9032258065,143.096774194
Fenway Park,42.346439,-71.097244,2012-05-01 23:00,56.3225806452,30.6774193548
Fenway Park,42.346439,-71.097244,2012-05-02 00:00,35.1666666667,14.8333333333
Fenway Park,42.346439,-71.097244,2012-05-02 01:00,14.6774193548,-0.677419354839
Fenway Park,42.346439,-71.097244,2012-05-02 02:00,10.5172413793,-4.51724137931
Fenway Park,42.346439,-71.097244,2012-05-02 03:00,2.46428571429,-0.464285714286
Fenway Park,42.346439,-71.097244,2012-05-02 04:00,2.11538461538,1.88461538462
Fenway Park,42.346439,-71.097244,2012-05-02 05:00,2.5,3.5
Fenway Park,42.346439,-71.097244,2012-05-02 06:00,4.33333333333,-0.333333333333
Fenway Park,42.346439,-71.097244,2012-05-02 07:00,8.67741935484,-0.677419354839
Fenway Park,42.346439,-71.097244,2012-05-02 08:00,11.3448275862,2.65517241379
Fenway Park,42.346439,-71.097244,2012-05-02 09:00,10.4482758621,2.55172413793
Fenway Park,42.346439,-71.097244,2012-05-02 10:00,7.23333333333,-2.23333333333
Fenway Park,42.346439,-71.097244,2012-05-02 11:00,7.20689655172,-2.20689655172
Fenway Park,42.346439,-71.097244,2012-05-02 12:00,6.2,-3.2
Fenway Park,42.346439,-71.097244,2012-05-02 13:00,6.3,1.7
Fenway Park,42.346439,-71.097244,2012-05-02 14:00,7.27586206897,2.72413793103
Fenway Park,42.346439,-71.097244,2012-05-02 15:00,9.06896551724,-0.0689655172414
Fenway Park,42.346439,-71.097244,2012-05-02 16:00,8.6,-4.6
Fenway Park,42.346439,-71.097244,2012-05-02 17:00,11.5172413793,1.48275862069
Fenway Park,42.346439,-71.097244,2012-05-02 18:00,11.6333333333,5.36666666667
Fenway Park,42.346439,-71.097244,2012-05-02 19:00,13.0333333333,-2.03333333333
Fenway Park,42.346439,-71.097244,2012-05-02 20:00,23.2333333333,41.7666666667
Fenway Park,42.346439,-71.097244,2012-05-02 21:00,58.4,144.6
Fenway Park,42.346439,-71.097244,2012-05-02 22:00,62.4666666667,122.533333333
Fenway Park,42.346439,-71.097244,2012-05-02 23:00,51.5333333333,36.4666666667
Fenway Park,42.346439,-71.097244,2012-05-03 00:00,35.0344827586,31.9655172414
Fenway Park,42.346439,-71.097244,2012-05-03 01:00,19.3793103448,8.62068965517
Fenway Park,42.346439,-71.097244,2012-05-03 02:00,13.1724137931,-5.1724137931
Fenway Park,42.346439,-71.097244,2012-05-03 03:00,3.25,-1.25
Fenway Park,42.346439,-71.097244,2012-05-03 04:00,3.26086956522,2.73913043478
Fenway Park,42.346439,-71.097244,2012-05-03 05:00,2.5,-1.5
Fenway Park,42.346439,-71.097244,2012-05-03 06:00,4.44444444444,-2.44444444444
Fenway Park,42.346439,-71.097244,2012-05-03 07:00,8.68965517241,2.31034482759
Fenway Park,42.346439,-71.097244,2012-05-03 08:00,11.8,0.2
Fenway Park,42.346439,-71.097244,2012-05-03 09:00,10.8620689655,2.13793103448
Fenway Park,42.346439,-71.097244,2012-05-03 10:00,7.55172413793,-0.551724137931
Fenway Park,42.346439,-71.097244,2012-05-03 11:00,7.31034482759,-4.31034482759
Fenway Park,42.346439,-71.097244,2012-05-03 12:00,6.86666666667,-0.866666666667
Fenway Park,42.346439,-71.097244,2012-05-03 13:00,7.86206896552,1.13793103448
Fenway Park,42.346439,-71.097244,2012-05-03 14:00,8.41379310345,1.58620689655
Fenway Park,42.346439,-71.097244,2012-05-03 15:00,7.57142857143,0.428571428571
Fenway Park,42.346439,-71.097244,2012-05-03 16:00,7.34482758621,-1.34482758621
Fenway Park,42.346439,-71.097244,2012-05-03 17:00,10.8571428571,2.14285714286
Fenway Park,42.346439,-71.097244,2012-05-03 18:00,11.5172413793,-2.51724137931
Fenway Park,42.346439,-71.097244,2012-05-03 19:00,12.0344827586,-3.03448275862
Fenway Park,42.346439,-71.097244,2012-05-03 20:00,21.4827586207,-2.48275862069
Fenway Park,42.346439,-71.097244,2012-05-03 21:00,47.1333333333,-38.1333333333
Fenway Park,42.346439,-71.097244,2012-05-03 22:00,45.7666666667,-25.7666666667
Fenway Park,42.346439,-71.097244,2012-05-03 23:00,54.7,-39.7
Fenway Park,42.346439,-71.097244,2012-05-04 00:00,44.5,-25.5
Fenway Park,42.346439,-71.097244,2012-05-04 01:00,29.4666666667,-12.4666666667
Fenway Park,42.346439,-71.097244,2012-05-04 02:00,15.2666666667,3.73333333333
Fenway Park,42.346439,-71.097244,2012-05-04 03:00,4.40740740741,-0.407407407407
Fenway Park,42.346439,-71.097244,2012-05-04 04:00,2.84,-1.84
Fenway Park,42.346439,-71.097244,2012-05-04 05:00,2.65384615385,-0.653846153846
Fenway Park,42.346439,-71.097244,2012-05-04 06:00,5.48275862069,0.51724137931
Fenway Park,42.346439,-71.097244,2012-05-04 07:00,9.75862068966,1.24137931034
Fenway Park,42.346439,-71.097244,2012-05-04 08:00,12.6206896552,-1.62068965517
Fenway Park,42.346439,-71.097244,2012-05-04 09:00,11.4137931034,1.58620689655
Fenway Park,42.346439,-71.097244,2012-05-04 10:00,8.86206896552,0.137931034483
Fenway Park,42.346439,-71.097244,2012-05-04 11:00,7.96551724138,-2.96551724138
Fenway Park,42.346439,-71.097244,2012-05-04 12:00,6.93103448276,2.06896551724
Fenway Park,42.346439,-71.097244,2012-05-04 13:00,8.41379310345,-0.413793103448
Fenway Park,42.346439,-71.097244,2012-05-04 14:00,8.51724137931,3.48275862069
Fenway Park,42.346439,-71.097244,2012-05-04 15:00,8.36666666667,-6.36666666667
Fenway Park,42.346439,-71.097244,2012-05-04 16:00,9.96551724138,-1.96551724138
Fenway Park,42.346439,-71.097244,2012-05-04 17:00,11.7333333333,-2.73333333333
Fenway Park,42.346439,-71.097244,2012-05-04 18:00,15.1034482759,-1.10344827586
Fenway Park,42.346439,-71.097244,2012-05-04 19:00,19.4827586207,5.51724137931
Fenway Park,42.346439,-71.097244,2012-05-04 20:00,25.9666666667,25.0333333333
Fenway Park,42.346439,-71.097244,2012-05-04 21:00,59.7333333333,86.2666666667
Fenway Park,42.346439,-71.097244,2012-05-04 22:00,75.5,139.5
Fenway Park,42.346439,-71.097244,2012-05-04 23:00,83.5,109.5
Fenway Park,42.346439,-71.097244,2012-05-05 00:00,100.066666667,44.9333333333
Fenway Park,42.346439,-71.097244,2012-05-05 01:00,123.266666667,27.7333333333
Fenway Park,42.346439,-71.097244,2012-05-05 02:00,57.7333333333,23.2666666667
Fenway Park,42.346439,-71.097244,2012-05-05 03:00,9.65517241379,0.344827586207
Fenway Park,42.346439,-71.097244,2012-05-05 04:00,2.66666666667,-1.66666666667
Fenway Park,42.346439,-71.097244,2012-05-05 05:00,2.66666666667,2.33333333333
Fenway Park,42.346439,-71.097244,2012-05-05 06:00,3.4,-1.4
Fenway Park,42.346439,-71.097244,2012-05-05 07:00,4.96296296296,-0.962962962963
Fenway Park,42.346439,-71.097244,2012-05-05 08:00,5.60714285714,1.39285714286
Fenway Park,42.346439,-71.097244,2012-05-05 09:00,6.27586206897,1.72413793103
Fenway Park,42.346439,-71.097244,2012-05-05 10:00,7.0,5.0
Fenway Park,42.346439,-71.097244,2012-05-05 11:00,8.72413793103,9.27586206897
Fenway Park,42.346439,-71.097244,2012-05-05 12:00,9.48275862069,-5.48275862069
Fenway Park,42.346439,-71.097244,2012-05-05 13:00,11.0,-1.0
Fenway Park,42.346439,-71.097244,2012-05-05 14:00,13.0333333333,13.9666666667
Fenway Park,42.346439,-71.097244,2012-05-05 15:00,17.724137931,25.275862069
Fenway Park,42.346439,-71.097244,2012-05-05 16:00,16.5357142857,17.4642857143
Fenway Park,42.346439,-71.097244,2012-05-05 17:00,22.2068965517,47.7931034483
Fenway Park,42.346439,-71.097244,2012-05-05 18:00,26.0,35.0
Fenway Park,42.346439,-71.097244,2012-05-05 19:00,25.6551724138,13.3448275862
Fenway Park,42.346439,-71.097244,2012-05-05 20:00,31.6333333333,18.3666666667
Fenway Park,42.346439,-71.097244,2012-05-05 21:00,58.2333333333,-1.23333333333
Fenway Park,42.346439,-71.097244,2012-05-05 22:00,59.2,-25.2
Fenway Park,42.346439,-71.097244,2012-05-05 23:00,72.4333333333,-3.43333333333
Fenway Park,42.346439,-71.097244,2012-05-06 00:00,98.6333333333,7.36666666667
Boston Convention and Exhibition Center,42.346577,-71.04493,2012-05-01 00:00,8.0,-7.0
Boston Convention and Exhibition Center,42.346577,-71.04493,2012-05-01 01:00,7.41176470588,-6.41176470588
Boston Convention and Exhibition Center,42.346577,-71.04493,2012-05-01 02:00,4.9375,-4.9375
Boston Convention and Exhibition Center,42.346577,-71.04493,2012-05-01 03:00,1.41666666667,-0.416666666667
Boston Convention and Exhibition Center,42.346577,-71.04493,2012-05-01 04:00,1.61904761905,-0.619047619048
Boston Convention and Exhibition Center,42.346577,-71.04493,2012-05-01 05:00,2.69230769231,-0.692307692308
Boston Convention and Exhibition Center,42.346577,-71.04493,2012-05-01 06:00,4.2962962963,-0.296296296296
Boston Convention and Exhibition Center,42.346577,-71.04493,2012-05-01 07:00,12.0333333333,3.96666666667
Boston Convention and Exhibition Center,42.346577,-71.04493,2012-05-01 08:00,16.4666666667,10.5333333333
Boston Convention and Exhibition Center,42.346577,-71.04493,2012-05-01 09:00,12.8,8.2
Boston Convention and Exhibition Center,42.346577,-71.04493,2012-05-01 10:00,13.2,2.8
Boston Convention and Exhibition Center,42.346577,-71.04493,2012-05-01 11:00,20.2,-0.2
Boston Convention and Exhibition Center,42.346577,-71.04493,2012-05-01 12:00,25.7586206897,11.2413793103
Boston Convention and Exhibition Center,42.346577,-71.04493,2012-05-01 13:00,21.9666666667,5.03333333333
Boston Convention and Exhibition Center,42.346577,-71.04493,2012-05-01 14:00,25.3333333333,-4.33333333333
Boston Convention and Exhibition Center,42.346577,-71.04493,2012-05-01 15:00,28.3,-11.3
Boston Convention and Exhibition Center,42.346577,-71.04493,2012-05-01 16:00,26.6333333333,-10.6333333333
Boston Convention and Exhibition Center,42.346577,-71.04493,2012-05-01 17:00,28.2903225806,-14.2903225806
Boston Convention and Exhibition Center,42.346577,-71.04493,2012-05-01 18:00,28.7096774194,-9.70967741935
Boston Convention and Exhibition Center,42.346577,-71.04493,2012-05-01 19:00,27.0344827586,-11.0344827586
Boston Convention and Exhibition Center,42.346577,-71.04493,2012-05-01 20:00,14.1666666667,-0.166666666667
Boston Convention and Exhibition Center,42.346577,-71.04493,2012-05-01 21:00,11.2857142857,-5.28571428571
Boston Convention and Exhibition Center,42.346577,-71.04493,2012-05-01 22:00,7.81481481481,-0.814814814815
Boston Convention and Exhibition Center,42.346577,-71.04493,2012-05-01 23:00,6.62962962963,-2.62962962963
Boston Convention and Exhibition Center,42.346577,-71.04493,2012-05-02 00:00,7.31818181818,-6.31818181818
Boston Convention and Exhibition Center,42.346577,-71.04493,2012-05-02 01:00,10.0416666667,-9.04166666667
Boston Convention and Exhibition Center,42.346577,-71.04493,2012-05-02 02:00,5.7,-5.7
Boston Convention and Exhibition Center,42.346577,-71.04493,2012-05-02 03:00,3.94736842105,-1.94736842105
Boston Convention and Exhibition Center,42.346577,-71.04493,2012-05-02 04:00,3.28571428571,0.714285714286
Boston Convention and Exhibition Center,42.346577,-71.04493,2012-05-02 05:00,4.65517241379,-1.65517241379
Boston Convention and Exhibition Center,42.346577,-71.04493,2012-05-02 06:00,6.45161290323,4.54838709677
Boston Convention and Exhibition Center,42.346577,-71.04493,2012-05-02 07:00,16.7586206897,2.24137931034
Boston Convention and Exhibition Center,42.346577,-71.04493,2012-05-02 08:00,20.2666666667,5.73333333333
Boston Convention and Exhibition Center,42.346577,-71.04493,2012-05-02 09:00,15.0666666667,7.93333333333
Boston Convention and Exhibition Center,42.346577,-71.04493,2012-05-02 10:00,22.1724137931,4.8275862069
Boston Convention and Exhibition Center,42.346577,-71.04493,2012-05-02 11:00,32.7586206897,2.24137931034
Boston Convention and Exhibition Center,42.346577,-71.04493,2012-05-02 12:00,33.7333333333,-1.73333333333
Boston Convention and Exhibition Center,42.346577,-71.04493,2012-05-02 13:00,27.9655172414,-18.9655172414
Boston Convention and Exhibition Center,42.346577,-71.04493,2012-05-02 14:00,31.4827586207,-22.4827586207
Boston Convention and Exhibition Center,42.346577,-71.04493,2012-05-02 15:00,29.1,-18.1
Boston Convention and Exhibition Center,42.346577,-71.04493,2012-05-02 16:00,26.0,-16.0
Boston Convention and Exhibition Center,42.346577,-71.04493,2012-05-02 17:00,28.4827586207,-15.4827586207
Boston Convention and Exhibition Center,42.346577,-71.04493,2012-05-02 18:00,29.5,-7.5
Boston Convention and Exhibition Center,42.346577,-71.04493,2012-05-02 19:00,22.9310344828,9.06896551724
Boston Convention and Exhibition Center,42.346577,-71.04493,2012-05-02 20:00,13.4827586207,7.51724137931
Boston Convention and Exhibition Center,42.346577,-71.04493,2012-05-02 21:00,9.66666666667,-4.66666666667
Boston Convention and Exhibition Center,42.346577,-71.04493,2012-05-02 22:00,6.65517241379,0.344827586207
Boston Convention and Exhibition Center,42.346577,-71.04493,2012-05-02 23:00,4.67857142857,1.32142857143
Boston Convention and Exhibition Center,42.346577,-71.04493,2012-05-03 00:00,3.08333333333,-0.0833333333333
Boston Convention and Exhibition Center,42.346577,-71.04493,2012-05-03 01:00,1.94736842105,0.0526315789474
Boston Convention and Exhibition Center,42.346577,-71.04493,2012-05-03 02:00,1.94444444444,-0.944444444444
Boston Convention and Exhibition Center,42.346577,-71.04493,2012-05-03 03:00,2.0,-2.0
Boston Convention and Exhibition Center,42.346577,-71.04493,2012-05-03 04:00,2.5,-1.5
Boston Convention and Exhibition Center,42.346577,-71.04493,2012-05-03 05:00,4.64285714286,-1.64285714286
Boston Convention and Exhibition Center,42.346577,-71.04493,2012-05-03 06:00,8.32142857143,-6.32142857143
Boston Convention and Exhibition Center,42.346577,-71.04493,2012-05-03 07:00,16.4482758621,-11.4482758621
Boston Convention and Exhibition Center,42.346577,-71.04493,2012-05-03 08:00,22.1071428571,-14.1071428571
Boston Convention and Exhibition Center,42.346577,-71.04493,2012-05-03 09:00,15.3793103448,-4.37931034483
Boston Convention and Exhibition Center,42.346577,-71.04493,2012-05-03 10:00,15.8666666667,0.133333333333
Boston Convention and Exhibition Center,42.346577,-71.04493,2012-05-03 11:00,22.6785714286,-5.67857142857
Boston Convention and Exhibition Center,42.346577,-71.04493,2012-05-03 12:00,23.3666666667,8.63333333333
Boston Convention and Exhibition Center,42.346577,-71.04493,2012-05-03 13:00,21.6206896552,-11.6206896552
Boston Convention and Exhibition Center,42.346577,-71.04493,2012-05-03 14:00,23.1428571429,-7.14285714286
Boston Convention and Exhibition Center,42.346577,-71.04493,2012-05-03 15:00,22.4137931034,0.586206896552
Boston Convention and Exhibition Center,42.346577,-71.04493,2012-05-03 16:00,22.6896551724,0.310344827586
Boston Convention and Exhibition Center,42.346577,-71.04493,2012-05-03 17:00,23.2413793103,12.7586206897
Boston Convention and Exhibition Center,42.346577,-71.04493,2012-05-03 18:00,25.9310344828,9.06896551724
Boston Convention and Exhibition Center,42.346577,-71.04493,2012-05-03 19:00,22.1785714286,3.82142857143
Boston Convention and Exhibition Center,42.346577,-71.04493,2012-05-03 20:00,15.5172413793,2.48275862069
Boston Convention and Exhibition Center,42.346577,-71.04493,2012-05-03 21:00,13.6428571429,2.35714285714
Boston Convention and Exhibition Center,42.346577,-71.04493,2012-05-03 22:00,9.35714285714,8.64285714286
Boston Convention and Exhibition Center,42.346577,-71.04493,2012-05-03 23:00,7.60714285714,0.392857142857
Boston Convention and Exhibition Center,42.346577,-71.04493,2012-05-04 00:00,5.65217391304,-3.65217391304
Boston Convention and Exhibition Center,42.346577,-71.04493,2012-05-04 01:00,5.23529411765,-3.23529411765
Boston Convention and Exhibition Center,42.346577,-71.04493,2012-05-04 02:00,2.58823529412,-1.58823529412
Boston Convention and Exhibition Center,42.346577,-71.04493,2012-05-04 03:00,1.53333333333,-0.533333333333
Boston Convention and Exhibition Center,42.346577,-71.04493,2012-05-04 04:00,3.04545454545,-0.0454545454545
Boston Convention and Exhibition Center,42.346577,-71.04493,2012-05-04 05:00,4.76,-0.76
Boston Convention and Exhibition Center,42.346577,-71.04493,2012-05-04 06:00,7.93103448276,-2.93103448276
Boston Convention and Exhibition Center,42.346577,-71.04493,2012-05-04 07:00,11.6,-8.6
Boston Convention and Exhibition Center,42.346577,-71.04493,2012-05-04 08:00,12.1333333333,2.86666666667
Boston Convention and Exhibition Center,42.346577,-71.04493,2012-05-04 09:00,12.6551724138,-3.65517241379
Boston Convention and Exhibition Center,42.346577,-71.04493,2012-05-04 10:00,15.4137931034,-5.41379310345
Boston Convention and Exhibition Center,42.346577,-71.04493,2012-05-04 11:00,21.2413793103,11.7586206897
Boston Convention and Exhibition Center,42.346577,-71.04493,2012-05-04 12:00,22.9333333333,17.0666666667
Boston Convention and Exhibition Center,42.346577,-71.04493,2012-05-04 13:00,20.8965517241,5.10344827586
Boston Convention and Exhibition Center,42.346577,-71.04493,2012-05-04 14:00,23.2068965517,-7.20689655172
Boston Convention and Exhibition Center,42.346577,-71.04493,2012-05-04 15:00,20.1379310345,2.86206896552
Boston Convention and Exhibition Center,42.346577,-71.04493,2012-05-04 16:00,17.5517241379,1.44827586207
Boston Convention and Exhibition Center,42.346577,-71.04493,2012-05-04 17:00,19.7586206897,-6.75862068966
Boston Convention and Exhibition Center,42.346577,-71.04493,2012-05-04 18:00,25.3793103448,-4.37931034483
Boston Convention and Exhibition Center,42.346577,-71.04493,2012-05-04 19:00,21.4482758621,-10.4482758621
Boston Convention and Exhibition Center,42.346577,-71.04493,2012-05-04 20:00,11.8275862069,-7.8275862069
Boston Convention and Exhibition Center,42.346577,-71.04493,2012-05-04 21:00,7.37037037037,-2.37037037037
Boston Convention and Exhibition Center,42.346577,-71.04493,2012-05-04 22:00,7.03448275862,-2.03448275862
Boston Convention and Exhibition Center,42.346577,-71.04493,2012-05-04 23:00,7.0,0.0
Boston Convention and Exhibition Center,42.346577,-71.04493,2012-05-05 00:00,3.7037037037,-2.7037037037
Boston Convention and Exhibition Center,42.346577,-71.04493,2012-05-05 01:00,3.27272727273,-0.272727272727
Boston Convention and Exhibition Center,42.346577,-71.04493,2012-05-05 02:00,3.0,-1.0
Boston Convention and Exhibition Center,42.346577,-71.04493,2012-05-05 03:00,1.94736842105,4.05263157895
Boston Convention and Exhibition Center,42.346577,-71.04493,2012-05-05 04:00,2.85714285714,1.14285714286
Boston Convention and Exhibition Center,42.346577,-71.04493,2012-05-05 05:00,4.04,7.96
Boston Convention and Exhibition Center,42.346577,-71.04493,2012-05-05 06:00,6.08333333333,7.91666666667
Boston Convention and Exhibition Center,42.346577,-71.04493,2012-05-05 07:00,7.55555555556,4.44444444444
Boston Convention and Exhibition Center,42.346577,-71.04493,2012-05-05 08:00,10.3793103448,1.62068965517
Boston Convention and Exhibition Center,42.346577,-71.04493,2012-05-05 09:00,12.3103448276,6.68965517241
Boston Convention and Exhibition Center,42.346577,-71.04493,2012-05-05 10:00,16.2413793103,-0.241379310345
Boston Convention and Exhibition Center,42.346577,-71.04493,2012-05-05 11:00,17.6,4.4
Boston Convention and Exhibition Center,42.346577,-71.04493,2012-05-05 12:00,17.9285714286,4.07142857143
Boston Convention and Exhibition Center,42.346577,-71.04493,2012-05-05 13:00,13.7142857143,1.28571428571
Boston Convention and Exhibition Center,42.346577,-71.04493,2012-05-05 14:00,11.724137931,-1.72413793103
Boston Convention and Exhibition Center,42.346577,-71.04493,2012-05-05 15:00,14.2857142857,-4.28571428571
Boston Convention and Exhibition Center,42.346577,-71.04493,2012-05-05 16:00,15.2413793103,-8.24137931034
Boston Convention and Exhibition Center,42.346577,-71.04493,2012-05-05 17:00,21.2,-5.2
Boston Convention and Exhibition Center,42.346577,-71.04493,2012-05-05 18:00,22.9,-10.9
Boston Convention and Exhibition Center,42.346577,-71.04493,2012-05-05 19:00,22.0714285714,-9.07142857143
Boston Convention and Exhibition Center,42.346577,-71.04493,2012-05-05 20:00,13.8275862069,4.1724137931
Boston Convention and Exhibition Center,42.346577,-71.04493,2012-05-05 21:00,7.8275862069,-0.827586206897
Boston Convention and Exhibition Center,42.346577,-71.04493,2012-05-05 22:00,7.03571428571,0.964285714286
Boston Convention and Exhibition Center,42.346577,-71.04493,2012-05-05 23:00,6.75862068966,-1.75862068966
Boston Convention and Exhibition Center,42.346577,-71.04493,2012-05-06 00:00,4.03703703704,-1.03703703704
